{"cameraMode":{"drawMode":0,"name":"Shaded","section":"Shading Mode"},"sceneLighting":false,"audioPlay":false,"sceneViewState":{"showFog":true,"showMaterialUpdate":true,"showSkybox":false,"showFlares":true,"showImageEffects":true,"showParticleSystems":true,"showVisualEffectGraphs":true,"m_FxEnabled":true},"in2DMode":false,"pivot":{"x":0.047657161951065066,"y":0.031036853790283204,"z":8.870806694030762},"rotation":{"x":-0.16600412130355836,"y":0.020989233627915384,"z":-0.0035554440692067148,"w":-0.9859275817871094},"size":6.002943515777588,"orthographic":false}