{"cameraMode":{"drawMode":0,"name":"Shaded","section":"Shading Mode"},"sceneLighting":false,"audioPlay":false,"sceneViewState":{"showFog":true,"showMaterialUpdate":true,"showSkybox":false,"showFlares":true,"showImageEffects":true,"showParticleSystems":true,"showVisualEffectGraphs":true,"m_FxEnabled":true},"in2DMode":false,"pivot":{"x":-19.653135299682618,"y":-23.887685775756837,"z":45.985145568847659},"rotation":{"x":-0.23296548426151277,"y":0.1684883087873459,"z":-0.041051361709833148,"w":-0.9569370746612549},"size":38.073272705078128,"orthographic":false}