{"cameraMode":{"drawMode":0,"name":"Shaded","section":"Shading Mode"},"sceneLighting":true,"audioPlay":false,"sceneViewState":{"showFog":true,"showMaterialUpdate":true,"showSkybox":true,"showFlares":true,"showImageEffects":true,"showParticleSystems":true,"showVisualEffectGraphs":true,"m_FxEnabled":true},"in2DMode":false,"pivot":{"x":-2.5138282775878908,"y":10.031185150146485,"z":-12.143468856811524},"rotation":{"x":-0.11457350105047226,"y":0.6829312443733215,"z":-0.10972876101732254,"w":-0.7130979895591736},"size":13.351325988769532,"orthographic":false}