{"cameraMode":{"drawMode":0,"name":"Shaded","section":"Shading Mode"},"sceneLighting":false,"audioPlay":false,"sceneViewState":{"showFog":true,"showMaterialUpdate":true,"showSkybox":false,"showFlares":true,"showImageEffects":true,"showParticleSystems":true,"showVisualEffectGraphs":true,"m_FxEnabled":true},"in2DMode":false,"pivot":{"x":1.1965467929840088,"y":0.6427727937698364,"z":16.339324951171876},"rotation":{"x":-0.17365477979183198,"y":0.40989261865615847,"z":-0.07984378933906555,"w":-0.8919089436531067},"size":2.011263132095337,"orthographic":false}