{"cameraMode":{"drawMode":0,"name":"Shaded","section":"Shading Mode"},"sceneLighting":false,"audioPlay":false,"sceneViewState":{"showFog":true,"showMaterialUpdate":true,"showSkybox":false,"showFlares":true,"showImageEffects":true,"showParticleSystems":true,"showVisualEffectGraphs":true,"m_FxEnabled":true},"in2DMode":false,"pivot":{"x":0.6815322637557983,"y":2.6601786613464357,"z":3.256417751312256},"rotation":{"x":0.008548625744879246,"y":-0.9876425266265869,"z":0.058151423931121829,"w":0.14533384144306184},"size":1.31161630153656,"orthographic":true}