{"cameraMode":{"drawMode":0,"name":"Shaded","section":"Shading Mode"},"sceneLighting":false,"audioPlay":false,"sceneViewState":{"showFog":true,"showMaterialUpdate":true,"showSkybox":false,"showFlares":true,"showImageEffects":true,"showParticleSystems":true,"showVisualEffectGraphs":true,"m_FxEnabled":true},"in2DMode":false,"pivot":{"x":3.119274139404297,"y":-22.852741241455079,"z":17.58964729309082},"rotation":{"x":-0.25396594405174258,"y":-0.017136119306087495,"z":0.004466887563467026,"w":-0.9670868515968323},"size":28.782093048095704,"orthographic":false}