{"cameraMode":{"drawMode":0,"name":"Shaded","section":"Shading Mode"},"sceneLighting":false,"audioPlay":false,"sceneViewState":{"showFog":true,"showMaterialUpdate":true,"showSkybox":false,"showFlares":true,"showImageEffects":true,"showParticleSystems":true,"showVisualEffectGraphs":true,"m_FxEnabled":true},"in2DMode":false,"pivot":{"x":1.2042999267578126,"y":3.5068724155426027,"z":27.207244873046876},"rotation":{"x":-0.09947041422128678,"y":0.7078585624694824,"z":-0.10180094093084336,"w":-0.6919158101081848},"size":15.629891395568848,"orthographic":false}