{"cameraMode":{"drawMode":0,"name":"Shaded","section":"Shading Mode"},"sceneLighting":false,"audioPlay":false,"sceneViewState":{"showFog":true,"showMaterialUpdate":true,"showSkybox":false,"showFlares":true,"showImageEffects":true,"showParticleSystems":true,"showVisualEffectGraphs":true,"m_FxEnabled":true},"in2DMode":false,"pivot":{"x":-0.5648136138916016,"y":2.8359999656677248,"z":4.015425682067871},"rotation":{"x":0.04990272596478462,"y":-0.7211538553237915,"z":0.052243586629629138,"w":0.6890047192573547},"size":2.2847375869750978,"orthographic":true}