{"cameraMode":{"drawMode":0,"name":"Shaded","section":"Shading Mode"},"sceneLighting":false,"audioPlay":false,"sceneViewState":{"showFog":true,"showMaterialUpdate":true,"showSkybox":false,"showFlares":true,"showImageEffects":true,"showParticleSystems":true,"showVisualEffectGraphs":true,"m_FxEnabled":true},"in2DMode":false,"pivot":{"x":48.24224853515625,"y":39.09064865112305,"z":0.4963068962097168},"rotation":{"x":0.06534676253795624,"y":0.011972488835453987,"z":-0.000776593282353133,"w":0.9977982640266419},"size":62.28866195678711,"orthographic":false}