{"cameraMode":{"drawMode":0,"name":"Shaded","section":"Shading Mode"},"sceneLighting":true,"audioPlay":false,"sceneViewState":{"showFog":true,"showMaterialUpdate":true,"showSkybox":false,"showFlares":true,"showImageEffects":true,"showParticleSystems":true,"showVisualEffectGraphs":true,"m_FxEnabled":true},"in2DMode":false,"pivot":{"x":-1.9122819900512696,"y":1.840000033378601,"z":-0.1899999976158142},"rotation":{"x":0.13760808110237122,"y":-0.6967776417732239,"z":0.13892802596092225,"w":0.6901280283927918},"size":0.5061399340629578,"orthographic":true}