{"cameraMode":{"drawMode":0,"name":"Shaded","section":"Shading Mode"},"sceneLighting":false,"audioPlay":false,"sceneViewState":{"showFog":true,"showMaterialUpdate":true,"showSkybox":false,"showFlares":true,"showImageEffects":true,"showParticleSystems":true,"showVisualEffectGraphs":true,"m_FxEnabled":true},"in2DMode":false,"pivot":{"x":-0.07006406784057617,"y":1.3179335594177247,"z":3.9153876304626467},"rotation":{"x":0.06539013236761093,"y":-0.7197967171669006,"z":0.0684564933180809,"w":0.6877087950706482},"size":0.7808868288993836,"orthographic":true}