{"cameraMode":{"drawMode":0,"name":"Shaded","section":"Shading Mode"},"sceneLighting":false,"audioPlay":false,"sceneViewState":{"showFog":true,"showMaterialUpdate":true,"showSkybox":false,"showFlares":true,"showImageEffects":true,"showParticleSystems":true,"showVisualEffectGraphs":true,"m_FxEnabled":true},"in2DMode":false,"pivot":{"x":-15.603209495544434,"y":-13.436393737792969,"z":30.891033172607423},"rotation":{"x":-0.1595907211303711,"y":0.15507012605667115,"z":-0.025425972416996957,"w":-0.9746277332305908},"size":31.219709396362306,"orthographic":false}